Table with row headers in column A and column headers in rows 4 through 6,,,,,,,
"Table A-1. Years of School Completed by People 25 Years and Over, by Age and Sex: Selected Years 1940 to 2022",,,,,,,
(Numbers in thousands. Civilian noninstitutionalized population.),,,,,,,
Year,Total,Years of school completed,,,,,
,,Elementary,,High school,,College,
,,0 to 4 years,5 to 8 years,1 to 3 years,4 years,1 to 3 years,4 years or more
"25 Years and Over, Both Sexes",,,,,,,
2022,226274,2203,5732,11998,64465,56659,85217
2021,224580,2074,5862,12118,62547,56942,85037
2020,223058,2106,5788,12313,61597,57552,83701
2019,221478,2181,6422,13372,62259,57428,79816
2018,219830,2129,6600,13682,62685,57810,76924
2017,216921,2208,6600,13734,62512,57765,74103
2016,215015,2414,7078,13961,62002,57660,71900
2015,212132,2601,7295,14686,62575,56031,68945
2014,209287,2525,7388,14545,62240,55709,66879
2013,206899,2344,7578,14595,61704,55173,65506
2012,204579,2484,7800,14993,62113,53900,63291
2011,201543,2589,7688,14763,61911,53249,61343
2010,199928,2615,7836,15260,62456,51920,59840
2009,198285,2785,8043,15587,61626,51670,58574
2008,196305,2599,8226,15516,61183,50994,57787
2007,194318,2830,8462,16451,61490,49243,55842
2006,191884,2951,8791,16154,60898,49371,53720
2005,189367,2983,8935,16099,60893,48076,52381
2004,186876,2858,8888,15999,59811,47571,51749
2003,185183,2915,9361,16323,59292,46910,50383
2002,182142,2902,9668,16378,58456,46042,48696
2001,180389,2810,9518,16279,58272,46281,47228
2000,175230,2742,9438,15674,58086,44445,44845
1999,173754,2742,9655,16443,57935,43176,43803
1998,172211,2834,9948,16776,58174,42506,41973
1997,170581,2840,10472,17211,57586,41774,40697
1996,168323,3027,10595,17102,56559,41372,39668
1995,166438,3074,10873,16566,56450,41249,38226
1994,164512,3156,11359,16925,56515,40014,36544
1993,162826,3380,11747,17067,57589,37451,35590
1992,160827,3449,11989,17672,57860,35520,34337
1991,158694,3803,13046,17379,61272,29170,34026
1990,156538,3833,13758,17461,60119,28075,33291
1989,154155,3861,14061,17719,59336,26614,32565
1988,151635,3714,14550,17847,58940,25799,30787
1987,149144,3640,15301,17417,57669,25479,29637
1986,146606,3894,15672,17484,56338,24729,28489
1985,143524,3873,16020,17553,54866,23405,27808
1984,140794,3884,16258,17433,54073,22281,26862
1983,138020,4119,16714,17681,52060,21531,25915
1982,135526,4119,17232,18006,51426,20692,24050
1981,132899,4358,17868,18041,49915,20042,22674
1980,130409,4390,18426,18086,47934,19379,22193
1979,125295,4324,18504,17579,45915,18393,20579
1978,123019,4445,19309,18175,44381,17379,19332
1977,120870,4509,19567,18318,43602,16247,18627
1976,118848,4601,19912,18204,43157,15477,17496
1975,116897,4912,20633,18237,42353,14518,16244
1974,115005,5106,21200,18274,41460,13665,15300
1973,112866,5100,21838,18420,40448,12831,14228
1972,111133,5124,22503,18855,39171,12117,13364
1971,110627,5574,24029,18601,38029,11782,12612
1970,109310,5747,24519,18682,37134,11164,12062
1969,107750,6014,24976,18527,36133,10564,11535
1968,106469,6248,25467,18724,34603,10254,11171
1967,104864,6400,26178,18647,33173,9914,10550
1966,103876,6705,26478,18859,32391,9235,10212
1965,103245,6982,27063,18617,31703,9139,9742
1964,102421,7295,27551,18419,30728,9085,9345
1962,100664,7826,28438,17751,28477,9170,9002
1960,99465,8303,31218,19140,24440,8747,7617
1959,97478,7816,28490,17520,26219,7888,7734
1957,95630,8561,29316,16951,24832,6985,7172
1952,88358,8004,30274,15228,21074,6714,6118
1950,87484,9491,31617,14817,17625,6246,5272
1947,82578,8611,32308,13487,16926,5533,4424
1940,74776,10105,34413,11182,10552,4075,3407
"25 Years and Over, Male",,,,,,,
2022,109979,1151,2890,6303,33081,26701,39853
2021,108327,1084,2924,6274,31855,26595,39595
2020,107517,1053,2854,6250,31355,26580,39426
2019,106695,1082,3230,6792,31257,26527,37807
2018,105862,973,3284,6939,31325,26668,36674
2017,104324,1090,3312,6934,31296,26581,35112
2016,103372,1183,3513,7144,30780,26468,34283
2015,101887,1243,3669,7278,30997,25778,32923
2014,100592,1184,3761,7403,30718,25430,32095
2013,99305,1127,3836,7314,30014,25283,31731
2012,98119,1237,3879,7388,30216,24632,30766
2011,97220,1234,3883,7443,30370,24319,29971
2010,96325,1279,3931,7705,30682,23570,29158
2009,95518,1372,4027,7754,30025,23634,28706
2008,94470,1310,4136,7853,29491,23247,28433
2007,93421,1458,4249,8294,29604,22219,27596
2006,92233,1472,4395,7940,29380,22136,26910
2005,90899,1505,4402,7787,29151,21794,26259
2004,89558,1496,4308,7766,27889,21763,26336
2003,88597,1482,4566,8026,27356,21568,25598
2002,86996,1457,4743,7894,26947,21127,24828
2001,86096,1419,4673,7615,26956,21120,24313
2000,83611,1341,4577,7298,26651,20493,23252
1999,82917,1339,4651,7736,26368,20043,22782
1998,82376,1431,4727,8017,26575,19792,21832
1997,81620,1454,5023,8212,26226,19332,21374
1996,80339,1537,5067,7930,25649,19301,20854
1995,79463,1598,5231,7691,25378,18933,20631
1994,78539,1669,5427,7789,25404,18544,19705
1993,77644,1709,5594,7821,25766,17521,19234
1992,76579,1737,5726,8085,25774,16631,18627
1991,75487,2018,6299,7887,27189,13720,18373
1990,74421,2004,6557,8000,26426,13271,18164
1989,73225,1956,6659,8076,25897,12725,17913
1988,71911,1852,6849,8247,25638,12057,17268
1987,70677,1794,7259,7909,24998,12062,16654
1986,69503,1978,7446,7872,24260,11856,16091
1985,67756,1947,7629,7783,23552,11164,15682
1984,66350,1945,7688,7837,22990,10678,15211
1983,65004,2103,7750,7867,22048,10310,14926
1982,63764,2074,7987,7960,21749,10020,13974
1981,62509,2141,8322,8084,21019,9734,13208
1980,61389,2212,8627,8046,20080,9593,12832
1979,58986,2190,8785,7636,19250,9100,12025
1978,57922,2230,9195,7821,18620,8657,11398
1977,56917,2296,9330,7969,18290,8104,10926
1976,55902,2371,9463,7923,18048,7699,10397
1975,55036,2568,9760,7985,17769,7274,9679
1974,54167,2637,10186,7966,17488,6756,9135
1973,53067,2598,10488,8120,17011,6376,8473
1972,52351,2634,10854,8413,16424,5972,8055
1971,52357,2933,11703,8264,16008,5798,7653
1970,51784,3031,11925,8355,15571,5580,7321
1969,51031,3095,12182,8398,15177,5263,6917
1968,50510,3261,12407,8564,14613,4945,6721
1967,49756,3417,12736,8463,14015,4755,6372
1966,49410,3614,12992,8611,13672,4342,6180
1965,49242,3774,13308,8529,13334,4370,5923
1964,48975,3959,13467,8537,12902,4394,5714
1962,48283,4213,13927,8399,11932,4315,5497
1960,47997,4522,15562,8988,10175,4127,4626
1959,47041,4257,14039,8326,10870,3801,4765
1957,46208,4610,14634,8003,10230,3347,4359
1952,42368,4396,14876,7048,8760,3164,3480
1950,42627,5074,15852,6974,7511,2888,3008
1947,40483,4615,16086,6535,7353,2625,2478
1940,37463,5550,17639,5333,4507,1824,2021
"25 Years and Over, Female",,,,,,,
2022,116296,1052,2843,5695,31383,29958,45365
2021,116253,989,2938,5844,30693,30347,45442
2020,115540,1053,2935,6063,30243,30972,44275
2019,114783,1098,3192,6580,31002,30902,42009
2018,113969,1156,3316,6743,31360,31142,40251
2017,112597,1117,3288,6799,31216,31185,38991
2016,111643,1231,3565,6817,31221,31192,37617
2015,110245,1358,3626,7408,31578,30253,36021
2014,108695,1341,3627,7142,31522,30279,34784
2013,107594,1217,3741,7282,31690,29890,33775
2012,106460,1246,3920,7604,31898,29267,32524
2011,104323,1355,3806,7320,31541,28930,31372
2010,103603,1336,3904,7555,31774,28350,30683
2009,102767,1413,4016,7833,31601,28036,29868
2008,101835,1289,4090,7663,31692,27747,29354
2007,100897,1371,4213,8157,31887,27024,28245
2006,99651,1479,4395,8215,31518,27234,26810
2005,98467,1477,4532,8311,31742,26283,26122
2004,97319,1363,4580,8233,31921,25808,25413
2003,96586,1433,4795,8297,31936,25342,24784
2002,95146,1445,4926,8484,31509,24915,23868
2001,94293,1392,4845,8664,31316,25161,22915
2000,91620,1400,4861,8378,31435,23953,21594
1999,90837,1404,5004,8707,31566,23133,21021
1998,89835,1403,5220,8758,31599,22714,20142
1997,88961,1387,5450,8999,31360,22442,19323
1996,87984,1491,5528,9171,30911,22071,18813
1995,86975,1476,5642,8874,31072,22317,17594
1994,85973,1487,5932,9135,31111,21470,16838
1993,85181,1672,6154,9246,31823,19930,16357
1992,84248,1712,6263,9587,32086,18889,15709
1991,83207,1784,6747,9491,34083,15449,15652
1990,82116,1829,7200,9462,33693,14806,15126
1989,80930,1904,7402,9643,33440,13888,14652
1988,79724,1862,7700,9599,33303,13741,13519
1987,78467,1846,8042,9508,32671,13417,12983
1986,77102,1916,8226,9612,32078,12874,12399
1985,75768,1926,8390,9770,31314,12242,12126
1984,74444,1939,8571,9596,31083,11603,11651
1983,73016,2015,8964,9814,30012,11220,10990
1982,71762,2045,9245,10046,29677,10673,10076
1981,70390,2217,9545,9957,28896,10309,9466
1980,69020,2178,9800,10040,27854,9786,9362
1979,66309,2133,9720,9945,26665,9293,8554
1978,65097,2214,10114,10353,25761,8721,7934
1977,63953,2213,10236,10349,25312,8142,7701
1976,62946,2230,10449,10281,25109,7779,7098
1975,61861,2344,10871,10252,24584,7243,6565
1974,60838,2469,11015,10308,23972,6910,6165
1973,59799,2502,11350,10300,23437,6454,5755
1972,58782,2490,11649,10442,22746,6145,5309
1971,58270,2641,12327,10339,22021,5984,4959
1970,57527,2716,12595,10327,21563,5584,4743
1969,56719,2919,12796,10131,20955,5301,4619
1968,55959,2987,13060,10160,19991,5309,4450
1967,55107,2985,13439,10185,19157,5162,4178
1966,54467,3090,13488,10246,18719,4892,4032
1965,54004,3207,13753,10085,18369,4767,3820
1964,53447,3333,14086,9881,17825,4686,3629
1962,52381,3613,14511,9352,16545,4855,3505
1960,51468,3781,15656,10151,14267,4620,2991
1959,50437,3559,14451,9194,15349,4087,2969
1957,49422,3951,14682,8948,14602,3638,2813
1952,45990,3608,15398,8180,12314,3550,2638
1950,44857,4417,15824,7843,10114,3358,2264
1947,42095,3996,16222,6952,9573,2908,1946
1940,37313,4554,16773,5849,6044,2251,1386
"25 to 34 Years, Both Sexes",,,,,,,
2022,44583,133,598,1937,12104,11493,18318
2021,45284,145,574,2133,11932,12002,18497
2020,45260,168,557,1968,11797,12178,18592
2019,45208,232,679,2353,11639,12269,18037
2018,44854,182,776,2435,11460,12501,17501
2017,44250,218,732,2532,11494,12792,16482
2016,43763,210,858,2656,11224,12609,16207
2015,43006,292,863,2938,10965,12420,15528
2014,42466,286,946,3018,11040,12178,14997
2013,41797,260,1035,3116,10950,11955,14481
2012,41219,273,1063,3079,10974,11765,14065
2011,41584,318,1140,3098,11250,12046,13731
2010,41085,323,1169,3271,11186,11655,13480
2009,40520,321,1226,3202,11351,11409,13010
2008,40146,282,1189,3296,11297,11113,12969
2007,39868,380,1283,3462,11408,10961,12375
2006,39481,359,1410,3375,11302,11229,11806
2005,39310,414,1375,3422,11269,10865,11965
2004,39201,430,1399,3239,11244,11044,11844
2003,39242,370,1370,3336,11392,10986,11791
2002,38670,433,1393,3245,10988,10776,11834
2001,38865,380,1317,3202,11294,11146,11526
2000,37786,287,1135,3052,11546,10700,11066
1999,38474,280,1142,3296,11826,10893,11040
1998,39354,319,1207,3228,12569,11220,10811
1997,40256,334,1163,3624,12710,11524,10892
1996,40919,418,1169,3780,13087,11624,10841
1995,41388,394,1264,3667,14061,11659,10342
1994,41946,367,1297,4057,14483,11913,9829
1993,41864,382,1223,3894,15036,11361,9968
1992,42493,433,1250,4071,16021,10860,9861
1991,42905,465,1322,4178,17503,9283,10153
1990,43240,505,1413,4041,17635,9320,10326
1989,43240,446,1352,4013,17901,9072,10454
1988,42953,430,1308,4095,17887,9076,10155
1987,42635,390,1360,3995,17539,9157,10196
1986,42053,387,1359,3797,17311,9104,10094
1985,40858,362,1328,3703,16748,8980,9737
1984,40173,404,1371,3638,16431,8555,9771
1983,39342,376,1324,3664,15804,8567,9605
1982,38703,337,1371,3598,15893,8304,9200
1981,37828,337,1428,3665,15419,8198,8782
1980,36615,362,1424,3571,14481,7942,8836
1979,34053,370,1381,3452,13338,7415,8096
1978,33120,325,1459,3515,12993,7008,7821
1977,32284,269,1383,3715,12845,6398,7676
1976,31148,247,1508,3619,12920,5813,7041
1975,30092,313,1644,3743,12544,5403,6443
1974,28972,352,1654,3763,12362,5056,5785
1973,27793,333,1850,3915,12194,4454,5047
1972,26517,285,1791,3981,11635,4090,4734
1971,25545,327,2011,3986,11232,3822,4169
1970,24865,329,1937,4251,10929,3491,3926
1969,24072,359,2086,4140,10592,3202,3693
1968,23285,350,2246,4129,10157,2989,3413
1967,22388,319,2293,4017,9645,2946,3169
1966,22023,430,2208,4158,9546,2647,3037
1965,21980,543,2437,4058,9500,2561,2880
1964,21997,502,2591,4176,9370,2529,2830
1962,22130,597,2936,4371,8815,2552,2859
1960,22821,709,3738,5135,8166,2572,2499
1959,22922,761,3348,4741,8979,2398,2480
1957,23437,750,3971,4965,8927,2275,2351
1952,23138,844,4362,4898,8620,2220,2052
1950,23626,1147,5308,5050,7660,2198,1252
1947,22627,1015,5523,4997,7630,1908,1378
1940,21339,1377,7676,4553,4702,1554,1288
"25 to 34 Years, Male",,,,,,,
2022,22326,78,337,1042,6840,5754,8275
2021,22837,95,330,1213,6936,6026,8236
2020,22783,94,285,1064,6897,6092,8352
2019,22726,147,379,1303,6593,5939,8365
2018,22490,95,432,1431,6530,6047,7955
2017,22121,135,390,1410,6456,6267,7464
2016,21845,116,468,1427,6386,6015,7432
2015,21427,166,488,1584,6198,5920,7071
2014,21217,151,512,1611,6323,5910,6710
2013,20816,161,582,1747,6058,5749,6519
2012,20464,161,579,1707,6127,5619,6270
2011,20985,190,657,1791,6444,5750,6151
2010,20689,186,641,1866,6458,5587,5951
2009,20440,184,695,1806,6495,5508,5752
2008,20210,172,714,1874,6356,5277,5816
2007,20024,246,757,1930,6361,5137,5593
2006,19827,218,834,1835,6233,5336,5371
2005,19677,241,769,1827,6216,5198,5426
2004,19598,280,793,1723,6020,5286,5495
2003,19564,216,771,1831,6028,5252,5466
2002,19234,280,809,1782,5751,5131,5480
2001,19330,233,748,1677,6099,5161,5411
2000,18563,155,593,1637,5989,4870,5318
1999,18294,157,616,1724,6114,5052,5260
1998,19526,190,654,1735,6592,5233,5125
1997,20039,193,629,2007,6482,5477,5249
1996,20390,225,601,2055,6701,5536,5274
1995,20589,229,708,1930,7176,5373,5174
1994,20873,230,716,2134,7408,5510,4873
1993,20856,237,679,1986,7604,5308,5041
1992,21125,231,682,2057,8113,5116,4927
1991,21319,270,694,2095,8810,4441,5009
1990,21462,295,759,2153,8649,4392,5215
1989,21461,251,698,2129,8659,4391,5335
1988,21277,237,651,2227,8569,4273,5319
1987,21142,223,698,2030,8544,4384,5263
1986,20956,227,715,1887,8359,4488,5279
1985,20184,194,700,1823,7955,4433,5080
1984,19876,231,721,1739,7798,4238,5150
1983,19438,213,659,1724,7351,4284,5207
1982,19090,182,659,1654,7380,4162,5053
1981,18625,176,733,1679,6991,4185,4863
1980,18051,198,699,1639,6393,4166,4957
1979,16719,197,695,1476,5852,3862,4637
1978,16263,154,717,1526,5701,3698,4471
1977,15863,134,672,1625,5634,3403,4396
1976,15266,134,724,1566,5672,3085,4087
1975,14776,177,815,1605,5508,2915,3757
1974,14222,211,859,1617,5491,2672,3372
1973,13638,204,966,1760,5363,2416,2927
1972,13030,157,927,1796,5150,2191,2809
1971,12596,170,1092,1771,5049,2005,2506
1970,12236,189,1063,1896,4833,1842,2412
1969,11788,204,1121,1849,4652,1719,2241
1968,11381,193,1192,1880,4473,1505,2136
1967,10876,170,1209,1814,4187,1522,1973
1966,10701,241,1162,1839,4191,1374,1894
1965,10693,325,1240,1802,4188,1316,1822
1964,10729,297,1344,1962,4008,1306,1812
1962,10762,334,1569,2008,3700,1309,1842
1960,11184,420,2026,2441,3356,1316,1624
1959,11226,416,1822,2238,3682,1256,1658
1957,11368,423,2097,2446,3542,1181,1556
1952,10936,502,2202,2268,3458,1118,1268
1950,11454,631,2705,2426,3250,1117,1037
1947,10894,544,2665,2494,3337,993,738
1940,10521,779,3932,2220,2049,692,744
"25 to 34 Years, Female",,,,,,,
2022,22257,55,261,895,5264,5739,10044
2021,22447,50,244,919,4996,5976,10261
2020,22477,74,272,904,4900,6087,10240
2019,22482,84,300,1051,5045,6330,9671
2018,22364,87,344,1004,4930,6454,9547
2017,22129,84,342,1122,5037,6526,9018
2016,21918,93,390,1229,4838,6594,8774
2015,21579,126,375,1354,4767,6500,8457
2014,21248,135,435,1407,4717,6267,8287
2013,20981,99,454,1369,4892,6205,7962
2012,20755,112,484,1372,4847,6145,7795
2011,20599,128,483,1307,4806,6296,7580
2010,20396,137,527,1405,4728,6068,7530
2009,20079,137,531,1395,4856,5901,7258
2008,19937,111,475,1421,4941,5836,7153
2007,19843,134,527,1532,5047,5824,6781
2006,19654,140,577,1538,5069,5894,6435
2005,19633,173,607,1594,5053,5667,6539
2004,19603,150,606,1516,5224,5758,6349
2003,19679,153,598,1503,5364,5734,6325
2002,19436,153,584,1463,5237,5645,6353
2001,19536,147,569,1525,5195,5985,6115
2000,19222,130,542,1415,5557,5831,5750
1999,19551,122,525,1572,5712,5842,5779
1998,19828,130,553,1493,5977,5986,5688
1997,20217,149,533,1615,6227,6047,5643
1996,20528,195,569,1734,6386,6090,5568
1995,20800,165,556,1738,6885,6286,5170
1994,21073,138,581,1923,7075,6404,4953
1993,21007,143,543,1907,7432,6054,4928
1992,21368,203,567,2014,7908,5744,4933
1991,21586,195,629,2085,8693,4841,5143
1990,21779,209,653,1889,8986,4927,5112
1989,21777,195,654,1885,9242,4681,5119
1988,21675,193,657,1869,9319,4801,4836
1987,21494,168,662,1965,8995,4772,4932
1986,21097,160,644,1910,8952,4616,4813
1985,20673,168,627,1880,8794,4547,4657
1984,20297,173,649,1904,8634,4319,4621
1983,19903,161,665,1941,8452,4285,4398
1982,19614,155,713,1942,8512,4140,4148
1981,19203,161,698,1986,8427,4013,3918
1980,18565,164,725,1932,8087,3777,3879
1979,17334,173,685,1977,7486,3553,3460
1978,16857,172,742,1989,7292,3311,3351
1977,16421,136,710,2088,7212,2995,3280
1976,15882,112,784,2054,7248,2731,2954
1975,15316,135,833,2139,7037,2489,2686
1974,14750,142,796,2145,6871,2383,2413
1973,14155,129,884,2154,6830,2037,2121
1972,13487,128,862,2184,6485,1899,1926
1971,12950,156,919,2212,6183,1816,1663
1970,12629,140,876,2355,6096,1648,1512
1969,12285,155,965,2291,5941,1481,1451
1968,11904,157,1053,2246,5684,1484,1278
1967,11512,149,1084,2200,5458,1426,1195
1966,11322,186,1047,2319,5355,1273,1134
1965,11284,218,1197,2256,5310,1244,1060
1964,11269,202,1248,2216,5362,1221,1018
1962,11368,263,1367,2363,5115,1243,1017
1960,11637,289,1712,2694,4810,1256,875
1959,11696,345,1526,2503,5297,1142,822
1957,12069,327,1874,2519,5385,1094,795
1952,12202,342,2160,2630,5162,1102,784
1950,12172,516,2603,2624,4410,1081,714
1947,11733,471,2858,2503,4293,915,640
1940,10818,598,3744,2333,2653,862,544
"35 to 54 Years, Both Sexes",,,,,,,
2022,83321,671,2186,4423,21531,19845,34665
2021,81684,671,2267,4278,20460,19961,34046
2020,80999,685,2133,4364,20261,20302,33254
2019,81727,716,2309,4957,21303,20572,31869
2018,82196,690,2289,4974,21680,21340,31223
2017,82072,709,2403,5059,22103,21621,30176
2016,82571,799,2636,5296,22298,22070,29473
2015,82715,862,2742,5471,23153,21826,28660
2014,82687,875,2612,5433,23238,22472,28057
2013,83324,778,2611,5437,23708,22831,27959
2012,83883,863,2762,5569,24608,22792,27288
2011,83796,899,2474,5682,25039,22796,26907
2010,84834,852,2549,5937,26145,22911,26440
2009,85688,909,2716,6046,26121,23384,26513
2008,86067,905,2742,5882,26108,23504,26926
2007,86224,874,2720,6310,26675,22777,26869
2006,85918,965,2769,6274,26636,23317,25958
2005,85311,954,2757,5892,27232,23129,25347
2004,84642,963,2582,5938,26649,23093,25417
2003,84308,957,2620,6112,26346,23039,25234
2002,83829,941,2636,5874,26740,23148,24489
2001,83286,886,2612,5899,26356,23271,24262
2000,81435,932,2521,5702,26481,22618,23183
1999,79976,872,2535,6052,26367,21561,22589
1998,78520,890,2613,6164,26079,21267,21506
1997,76973,867,2686,6045,26054,20684,20635
1996,74661,968,2710,5803,24924,20105,20152
1995,73028,927,2561,5664,24070,19926,19878
1994,71049,987,2680,5415,23804,19210,18956
1993,68845,942,2486,5538,23927,17984,17970
1992,66594,899,2608,5845,23442,16658,17144
1991,64351,995,3057,5522,24815,13348,16614
1990,62499,980,3104,5529,24434,12553,15899
1989,60494,999,3315,5800,23334,11627,15417
1988,58555,958,3272,5889,23049,11017,14369
1987,56650,842,3398,5656,22820,10523,13409
1986,55170,896,3614,5769,22151,10110,12629
1985,53697,899,3639,5978,21600,9217,12363
1984,52297,893,3754,6158,21290,8702,11500
1983,50956,973,4044,6313,20788,8045,10795
1982,49722,963,4320,6657,20445,7580,9756
1981,48680,1038,4531,6773,20032,7115,9181
1980,48124,1034,4676,7063,19584,6943,8822
1979,47437,1030,4895,7132,19488,6655,8237
1978,46921,1107,5262,7590,19012,6286,7667
1977,46409,1192,5445,7781,18781,6013,7196
1976,46271,1245,5729,7671,18893,5957,6776
1975,46193,1296,5942,7765,19010,5673,6506
1974,46217,1293,6244,7896,19038,5375,6372
1973,45910,1344,6519,8001,18651,5318,6076
1972,45956,1367,7004,8521,18400,5074,5589
1971,46294,1439,7588,8393,18334,5082,5460
1970,46319,1461,7935,8555,18200,4875,5294
1969,46255,1644,8313,8586,17773,4749,5190
1968,46396,1654,8698,8838,17362,4642,5200
1967,46321,1771,9036,9138,16906,4525,4947
1966,46313,1837,9528,9309,16605,4230,4805
1965,46296,1827,9812,9266,16359,4384,4647
1964,46089,1905,10259,9289,15760,4397,4482
1962,45287,2181,10795,8938,14668,4452,4253
1960,44742,2424,12536,9502,12517,4123,3639
1959,43989,2303,11657,8719,13244,3715,3709
1957,42645,2658,12349,8384,12041,3248,3360
1952,39014,2606,13274,7348,9374,3148,2802
1950,38432,3404,14420,6976,7262,2878,2516
1947,36717,3203,15184,6311,6715,2622,2221
1940,33845,4549,16270,4972,4217,1836,1540
"35 to 54 Years, Male",,,,,,,
2022,41464,385,1156,2435,12187,9620,15680
2021,40238,393,1219,2321,11446,9406,15453
2020,39591,393,1110,2385,11048,9479,15176
2019,40180,388,1202,2690,11688,9863,14348
2018,40411,356,1182,2657,11753,9991,14472
2017,40303,395,1305,2711,12032,10026,13834
2016,40539,443,1336,2903,12021,10217,13620
2015,40565,469,1416,2987,12401,9996,13296
2014,40525,489,1459,2992,12246,10199,13139
2013,40868,409,1464,2962,12417,10473,13142
2012,41167,462,1525,2927,12869,10439,12944
2011,41209,447,1292,3027,13250,10339,12854
2010,41858,446,1367,3227,13824,10311,12682
2009,42263,500,1458,3278,13644,10670,12713
2008,42419,507,1490,3228,13625,10711,12858
2007,42476,491,1433,3480,13737,10359,12976
2006,42344,549,1472,3356,13660,10608,12701
2005,42024,547,1476,3063,14017,10429,12491
2004,41612,577,1323,3157,13238,10636,12682
2003,41340,538,1372,3282,12903,10622,12622
2002,41154,513,1333,3063,13133,10739,12373
2001,40858,488,1368,2974,12784,10827,12417
2000,40024,479,1288,2845,12845,10716,11854
1999,39300,470,1290,3101,12544,10233,11664
1998,38654,486,1333,3284,12239,10098,11214
1997,37912,486,1370,3143,12326,9713,10870
1996,36596,520,1319,2877,11749,9514,10526
1995,35994,529,1368,2781,11223,9305,10784
1994,34998,545,1383,2621,11009,9073,10369
1993,33751,478,1316,2660,10983,8624,9687
1992,32619,472,1368,2750,10670,7968,9389
1991,31460,530,1624,2612,11092,6430,9169
1990,30623,527,1658,2573,10790,6169,8905
1989,29597,504,1762,2628,10235,5719,8749
1988,28645,498,1725,2654,10100,5327,8340
1987,27680,412,1801,2617,9781,5173,7895
1986,26925,475,1919,2699,9393,5013,7426
1985,26181,501,1928,2726,9210,4502,7314
1984,25460,506,2014,2831,8926,4257,6929
1983,24796,548,2108,2862,8795,3884,6601
1982,24164,530,2302,2989,8609,3757,5977
1981,23646,572,2425,3112,8431,3519,5588
1980,23373,590,2492,3202,8278,3442,5370
1979,22976,545,2612,3194,8232,3306,5090
1978,22719,609,2779,3377,8001,3136,4817
1977,22445,661,2889,3554,7822,3000,4520
1976,22403,730,3004,3473,7904,2969,4323
1975,22358,763,3100,3510,7952,2879,4153
1974,22367,733,3286,3532,8004,2730,4081
1973,22166,716,3413,3586,7836,2714,3901
1972,22200,749,3674,3917,7663,2564,3631
1971,22474,849,3985,3823,7674,2578,3567
1970,22475,834,4208,3876,7612,2555,3390
1969,22420,889,4359,4012,7427,2456,3277
1968,22521,931,4487,4160,7324,2364,3257
1967,22482,1000,4700,4270,7143,2244,3128
1966,22508,1085,4886,4455,6990,2029,3063
1965,22534,1081,5076,4462,6815,2161,2937
1964,22457,1158,5226,4416,6657,2212,2789
1962,22081,1235,5545,4359,6202,2142,2598
1960,21919,1397,6415,4579,5364,1957,2206
1959,21511,1350,5781,4329,5604,1827,2250
1957,20873,1491,6293,3987,5195,1558,1972
1952,18888,1466,6512,3462,4040,1518,1576
1950,18896,1834,7338,3339,3151,1271,1403
1947,18165,1678,7765,3102,2907,1168,1258
1940,17127,2480,8458,2388,1798,819,917
"35 to 54 Years, Female",,,,,,,
2022,41857,286,1030,1988,9344,10224,18985
2021,41446,278,1048,1957,9015,10555,18593
2020,41408,292,1022,1980,9214,10823,18077
2019,41547,327,1107,2267,9616,10709,17521
2018,41785,334,1107,2317,9927,11349,16751
2017,41769,314,1098,2348,10072,11595,16342
2016,42031,356,1300,2393,10276,11853,15853
2015,42150,394,1326,2484,10752,11830,15364
2014,42163,385,1153,2440,10993,12273,14919
2013,42456,369,1147,2475,11290,12358,14817
2012,42716,400,1237,2642,11739,12352,14345
2011,42587,452,1183,2654,11789,12457,14053
2010,42976,406,1181,2710,12321,12600,13758
2009,43424,409,1258,2768,12476,12713,13800
2008,43648,398,1253,2654,12483,12792,14067
2007,43748,382,1288,2830,12938,12419,13892
2006,43573,417,1298,2915,12976,12710,13255
2005,43287,407,1280,2829,13215,12700,12856
2004,43030,386,1259,2781,13411,12458,12736
2003,42968,419,1248,2830,13443,12417,12611
2002,42675,428,1303,2811,13607,12410,12116
2001,42428,398,1244,2926,13572,12444,11844
2000,41411,452,1235,2858,13635,11905,11330
1999,40676,402,1248,2950,13825,11326,10925
1998,39866,403,1279,2879,13841,11168,10293
1997,39061,381,1319,2902,13726,10969,9766
1996,38065,449,1301,2924,13174,10592,9623
1995,37034,396,1192,2881,12846,10623,9096
1994,36051,443,1298,2792,12795,10140,8587
1993,35093,462,1169,2877,12944,9358,8283
1992,33975,427,1240,3096,12770,8687,7756
1991,32891,464,1431,2910,13723,6919,7443
1990,31876,454,1448,2955,13643,6383,6997
1989,30898,498,1552,3171,13099,5908,6669
1988,29908,462,1547,3234,12949,5689,6029
1987,28969,430,1598,3039,13038,5349,5513
1986,28244,420,1694,3071,12759,5098,5202
1985,27516,398,1710,3252,12391,4715,5049
1984,26838,389,1740,3331,12364,4444,4570
1983,26161,427,1935,3450,11993,4161,4193
1982,25555,433,2017,3666,11833,3827,3778
1981,25034,467,2105,3661,11599,3605,3595
1980,24751,444,2186,3862,11307,3501,3452
1979,24461,486,2282,3935,11258,3353,3147
1978,24202,497,2483,4212,11012,3149,2849
1977,23964,534,2557,4227,10959,3014,2678
1976,23868,517,2721,4198,10989,2988,2455
1975,23835,533,2842,4256,11058,2793,2352
1974,23850,559,2956,4364,11033,2647,2290
1973,23744,628,3106,4415,10815,2603,2174
1972,23756,618,3330,4604,10736,2509,1958
1971,23821,590,3604,4570,10660,2505,1894
1970,23845,629,3728,4679,10588,2318,1903
1969,23834,755,3953,4575,10349,2293,1913
1968,23874,725,4212,4676,10038,2281,1943
1967,23839,773,4334,4868,9762,2282,1819
1966,23806,752,4644,4853,9615,2200,1741
1965,23765,746,4735,4803,9545,2223,1712
1964,23632,748,5033,4871,9103,2183,1691
1962,23206,946,5250,4579,8466,2310,1655
1960,22823,1027,6121,4923,7153,2166,1433
1959,22478,953,5876,4390,7640,1888,1459
1957,21772,1167,6056,4397,6846,1690,1388
1952,20126,1140,6762,3886,5334,1630,1226
1950,19536,1570,7082,3637,4111,1607,1113
1947,18552,1525,7419,3209,3808,1454,963
1940,16718,2070,7812,2584,2419,1017,623
"55 Years and Over, Both Sexes",,,,,,,
2022,98371,1400,2948,5637,30830,25322,32234
2021,97613,1257,3021,5707,30155,24978,32494
2020,96798,1253,3099,5981,29539,25071,31856
2019,94543,1233,3434,6062,29317,24587,29910
2018,92780,1258,3535,6273,29545,23970,28200
2017,90599,1280,3465,6143,28916,23351,27444
2016,88682,1406,3584,6009,28481,22981,26221
2015,86411,1447,3690,6276,28457,21785,24756
2014,84134,1365,3829,6094,27962,21059,23825
2013,81778,1306,3931,6043,27046,20387,23066
2012,79478,1348,3974,6344,26531,19343,21937
2011,76163,1372,4073,5983,25622,18408,20705
2010,74008,1440,4118,6051,25125,17354,19920
2009,72077,1555,4101,6338,24154,16877,19051
2008,70092,1411,4294,6338,23779,16378,17892
2007,68226,1576,4458,6680,23408,15505,16599
2006,66485,1628,4610,6508,22961,14824,15956
2005,64745,1614,4803,6784,22392,14083,15069
2004,63034,1465,4907,6821,21918,13434,14488
2003,61633,1589,5372,6876,21554,12884,13358
2002,59644,1528,5639,7258,20728,12117,12374
2001,58238,1544,5589,7178,20622,11864,11440
2000,56008,1524,5780,6921,20059,11126,10598
1999,55303,1589,5978,7096,19742,10722,10174
1998,54337,1624,6126,7385,19526,10022,9654
1997,53352,1628,6622,7543,18823,9565,9169
1996,52742,1642,6716,7520,18549,9642,8677
1995,52022,1755,7048,7232,18320,9662,8005
1994,51516,1802,7382,7454,18228,8890,7761
1993,52117,2058,8038,7637,18626,8106,7652
1992,51740,2118,8133,7756,18397,8005,7332
1991,51439,2341,8668,7675,18954,6540,7258
1990,50798,2349,9239,7893,18050,6202,7064
1989,50421,2412,9395,7907,18102,5914,6693
1988,50128,2325,9969,7860,18004,5705,6263
1987,49858,2408,10544,7766,17310,5799,6033
1986,49383,2611,10699,7917,16876,5515,5767
1985,48969,2612,11052,7872,16516,5208,5708
1984,48324,2584,11131,7636,16353,5026,5593
1983,47723,2769,11348,7703,15470,4915,5514
1982,47102,2818,11541,7751,15091,4807,5095
1981,46391,2983,11909,7600,14464,4721,4711
1980,45670,2994,12326,7451,13869,4494,4535
1979,43806,2924,12230,6999,13088,4321,4245
1978,42977,3013,12593,7069,12376,4086,3843
1977,42176,3047,12740,6823,11977,3835,3754
1976,41429,3107,12674,6915,11346,3709,3677
1975,40613,3303,13045,6730,10798,3442,3295
1974,39817,3461,13302,6615,10060,3233,3145
1973,39163,3424,13467,6504,9604,3060,3105
1972,38659,3471,13706,6351,9136,2952,3042
1971,38787,3808,14430,6225,8463,2878,2982
1970,38126,3957,14647,5877,8005,2797,2843
1969,37424,4012,14576,5801,7768,2615,2653
1968,36789,4244,14522,5760,7085,2624,2558
1967,36155,4310,14849,5495,6622,2443,2434
1966,35540,4438,14742,5392,6240,2358,2370
1965,34969,4612,14814,5293,5844,2194,2215
1964,34335,4888,14701,4954,5598,2159,2033
1962,33247,5048,14707,4442,4994,2166,1890
1960,31902,5169,14944,4503,3757,2051,1479
1959,30567,4752,13485,4060,3996,1775,1545
1957,29548,5153,12996,3602,3864,1462,1461
1952,26206,4554,12638,2982,3080,1346,1264
1950,25427,4940,11947,2791,2704,1170,1005
1947,23234,4393,11601,2179,2581,1003,825
1940,19592,4178,10467,1656,1633,685,579
"55 Years and Over, Male",,,,,,,
2022,46189,688,1396,2825,14054,11327,15898
2021,45252,596,1375,2740,13472,11162,15906
2020,45143,566,1459,2802,13410,11009,15897
2019,43789,547,1649,2800,12976,10724,15093
2018,42961,522,1670,2851,13041,10630,14247
2017,41901,561,1617,2813,12808,10288,13814
2016,40988,624,1708,2814,12374,10236,13231
2015,39895,608,1765,2707,12398,9863,12556
2014,38850,544,1790,2800,12150,9320,12246
2013,37621,557,1790,2605,11539,9060,12070
2012,36489,614,1775,2754,11220,8574,11552
2011,35027,597,1934,2625,10676,8230,10966
2010,33778,647,1923,2611,10399,7672,10525
2009,32814,689,1874,2669,9886,7456,10241
2008,31841,631,1932,2751,9510,7259,9759
2007,30920,721,2060,2884,9505,6723,9026
2006,30060,705,2090,2784,9488,6193,8837
2005,29198,717,2157,2896,8918,6167,8341
2004,28347,639,2192,2885,8631,5841,8159
2003,27694,729,2423,2912,8425,5694,7510
2002,26608,664,2601,3048,8063,5257,6975
2001,25908,697,2558,2964,8073,5131,6485
2000,25023,706,2696,2817,7816,4906,6079
1999,24694,712,2746,2911,7712,4756,5856
1998,24197,755,2740,3000,7745,4461,5496
1997,23668,773,3026,3060,7417,4139,5255
1996,23352,795,3058,2998,7198,4254,5055
1995,22881,839,3153,2980,6980,4254,4675
1994,22669,894,3327,3037,6987,3962,4462
1993,23038,992,3595,3174,7178,3587,4508
1992,22836,1033,3676,3277,6991,3549,4312
1991,22708,1217,3980,3183,7287,2850,4193
1990,22337,1182,4141,3274,6986,2707,4046
1989,22167,1202,4198,3317,7003,2616,3829
1988,21989,1117,4471,3366,6968,2455,3609
1987,21855,1160,4762,3261,6673,2504,3496
1986,21622,1275,4813,3286,6509,2355,3385
1985,21391,1252,5001,3234,6387,2229,3289
1984,21014,1209,4951,3270,6265,2185,3132
1983,20769,1343,4986,3282,5906,2141,3117
1982,20508,1362,5026,3313,5759,2102,2946
1981,20237,1394,5165,3292,5597,2032,2758
1980,19967,1424,5436,3206,5409,1986,2506
1979,19292,1446,5479,2964,5167,1935,2301
1978,18939,1467,5701,2919,4919,1824,2110
1977,18608,1502,5770,2787,4835,1700,2011
1976,18233,1507,5733,2884,4473,1646,1989
1975,17903,1628,5845,2871,4308,1480,1768
1974,17579,1693,6042,2817,3993,1356,1682
1973,17263,1678,6111,2774,3811,1245,1645
1972,17120,1728,6252,2698,3612,1215,1614
1971,17288,1913,6629,2668,3285,1214,1579
1970,17074,2011,6655,2583,3127,1182,1516
1969,16822,2003,6701,2536,3099,1086,1397
1968,16609,2137,6728,2523,2816,1078,1328
1967,16398,2247,6827,2379,2685,989,1271
1966,16201,2288,6944,2317,2491,939,1223
1965,16015,2368,6992,2265,2331,893,1164
1964,15789,2504,6897,2159,2237,876,1113
1962,15440,2644,6813,2032,2030,864,1057
1960,14895,2704,7121,1969,1453,853,796
1959,14304,2491,6436,1759,1584,718,857
1957,13967,2696,6244,1570,1493,608,831
1952,12544,2428,6162,1318,1262,528,636
1950,12277,2609,5808,1209,1111,500,569
1947,11424,2393,5656,939,1109,464,482
1940,9815,2293,5249,724,660,313,361
"55 Years and Over, Female",,,,,,,
2022,52182,711,1552,2812,16776,13995,16336
2021,52361,661,1646,2967,16682,13816,16588
2020,51656,687,1640,3179,16129,14062,15958
2019,50755,687,1786,3262,16341,13862,14817
2018,49819,736,1865,3422,16504,13340,13953
2017,48698,719,1849,3329,16107,13063,13630
2016,47694,782,1875,3195,16107,12745,12990
2015,46516,839,1925,3570,16059,11922,12201
2014,45284,821,2039,3295,15812,11739,11578
2013,44158,749,2141,3438,15507,11327,10996
2012,42989,734,2199,3590,15311,10769,10384
2011,41136,775,2140,3358,14946,10178,9739
2010,40230,793,2195,3440,14725,9682,9395
2009,39263,867,2228,3669,14268,9421,8810
2008,38251,780,2362,3588,14269,9119,8133
2007,37306,855,2398,3796,13902,8781,7573
2006,36425,922,2521,3761,13472,8630,7119
2005,35547,897,2645,3887,13474,7916,6728
2004,34687,826,2715,3936,13287,7593,6329
2003,33939,860,2949,3964,13129,7190,5848
2002,33035,864,3038,4210,12664,6860,5399
2001,32329,847,3032,4213,12549,6733,4956
2000,30985,817,3085,4105,12243,6218,4517
1999,30609,879,3232,4186,12031,5965,4319
1998,30140,868,3386,4386,11780,5560,4160
1997,29684,855,3596,4483,11407,5427,3916
1996,29390,848,3659,4523,11350,5387,3623
1995,29142,915,3894,4255,11340,5410,3330
1994,28848,909,4054,4419,11242,4926,3298
1993,29080,1066,4442,4462,11447,4519,3149
1992,28904,1084,4456,4478,11409,4455,3021
1991,28729,1125,4687,4495,11667,3690,3066
1990,28461,1167,5098,4619,11063,3495,3019
1989,28255,1211,5195,4587,11099,3300,2863
1988,28139,1208,5498,4495,11034,3250,2655
1987,28004,1248,5782,4504,10637,3294,2539
1986,27762,1336,5886,4630,10367,3160,2382
1985,27578,1360,6052,4638,10129,2979,2420
1984,27309,1377,6183,4363,10086,2843,2459
1983,26954,1428,6364,4423,9567,2774,2398
1982,26593,1458,6511,4435,9330,2705,2150
1981,26152,1589,6742,4308,8868,2690,1954
1980,25703,1571,6889,4245,8460,2509,2030
1979,24514,1474,6750,4034,7920,2389,1944
1978,24038,1545,6889,4149,7457,2263,1733
1977,23568,1546,6972,4034,7141,2135,1742
1976,23196,1602,6942,4029,6871,2063,1690
1975,22710,1675,7198,3858,6490,1962,1527
1974,22238,1762,7261,3799,6068,1880,1463
1973,21900,1746,7359,3729,5790,1814,1461
1972,21539,1743,7455,3654,5526,1737,1425
1971,21500,1896,7805,3556,5179,1665,1402
1970,21052,1946,7993,3292,4879,1615,1327
1969,20601,2009,7878,3264,4669,1526,1255
1968,20180,2106,7795,3237,4269,1544,1229
1967,19756,2063,8021,3117,3937,1454,1164
1966,19339,2152,7797,3074,3749,1419,1147
1965,18955,2243,7821,3026,3514,1300,1048
1964,18546,2383,7805,2794,3360,1282,920
1962,17807,2404,7894,2410,2964,1302,833
1960,17007,2465,7823,2534,2304,1198,683
1959,16263,2261,7049,2301,2412,1057,688
1957,15581,2457,6752,2032,2371,854,630
1952,13662,2126,6476,1664,1818,818,628
1950,13150,2331,6139,1582,1593,670,436
1947,11810,2000,5945,1240,1472,539,343
1940,9777,1886,5217,932,973,372,219
Notes:,,,,,,,
" - Starting in 2012, data were created using population controls based on 2010 Census data.",,,,,,,
" - Starting in 2001, data were created using population controls based on Census 2000 data.",,,,,,,
" - Starting in 2001, data are from the expanded Current Population Survey sample.",,,,,,,
" - Prior to 1992, Some college/Associate degree equals 1 to 3 years of college completed; Bachelor's degree equals 4 years of college; Advanced degree equals 5 or more years of college completed.",,,,,,,
" - For the years 1959 and earlier, total includes persons who did not report on years of school completed.",,,,,,,
 - Details may not sum to totals due to rounding.,,,,,,,
"Information on confidentiality protection, sampling error, nonsampling error, and definitions is available at <https://www2.census.gov/programs-surveys/cps/techdocs/cpsmar22.pdf>.",,,,,,,
"Source: U.S. Census Bureau, 1947, and 1952 to 2002 March Current Population Survey, 2003 to 2022 Annual Social and Economic Supplement to the Current Population Survey (noninstitutionalized population, excluding members of the Armed Forces living in barracks); 1960 Census of Population, 1950 Census of Population and 1940 Census of Population (resident population).",,,,,,,
"Contact: U.S. Census Bureau, Education and Social Stratification Branch, (301) 763-2464.",,,,,,,